<?xml version="1.0" encoding="UTF-8"?>

<beans xmlns="http://www.springframework.org/schema/beans"
    xmlns:xsi="http://www.w3.org/2001/XMLSchema-instance"
    xmlns:context="http://www.springframework.org/schema/context"
    xmlns:jee="http://www.springframework.org/schema/jee"
    xmlns:mvc="http://www.springframework.org/schema/mvc"
    xmlns:sec="http://www.springframework.org/schema/security"
    xsi:schemaLocation="http://www.springframework.org/schema/beans
        http://www.springframework.org/schema/beans/spring-beans-4.1.xsd
        http://www.springframework.org/schema/context
        http://www.springframework.org/schema/context/spring-context-4.1.xsd
        http://www.springframework.org/schema/jee
        http://www.springframework.org/schema/jee/spring-jee-4.1.xsd
        http://www.springframework.org/schema/mvc
        http://www.springframework.org/schema/mvc/spring-mvc-4.1.xsd
        http://www.springframework.org/schema/security
        http://www.springframework.org/schema/security/spring-security-3.2.xsd">
        
    <context:component-scan base-package="skhu" />
    <sec:global-method-security secured-annotations="enabled" />
    
    <bean id="viewResolver"
        class="org.springframework.web.servlet.view.InternalResourceViewResolver">
        <property name="prefix" value="/WEB-INF/views/"></property>
        <property name="suffix" value=".jsp"></property>
    </bean>

	<bean id="myDataSource1"
        class="org.springframework.jdbc.datasource.SimpleDriverDataSource">
        <property name="driverClass" value="com.microsoft.sqlserver.jdbc.SQLServerDriver" />
        <property name="url" value="jdbc:sqlserver://127.0.0.1;databaseName=dbp1;" />
        <property name="username" value="sa" />
        <property name="password" value="test123" />
    </bean>
	
	<bean id="sqlSessionFactory1" class="org.mybatis.spring.SqlSessionFactoryBean">
        <property name="dataSource" ref="myDataSource1" />
    </bean>
	
	<bean id="mapperScanner" class="org.mybatis.spring.mapper.MapperScannerConfigurer">
        <property name="basePackage" value="skhu" />
        <property name="sqlSessionFactoryBeanName" value="sqlSessionFactory1"/>
    </bean>
    
	<mvc:annotation-driven content-negotiation-manager="contentNegotiationManager"/>
	<bean id="contentNegotiationManager" class="org.springframework.web.accept.ContentNegotiationManagerFactoryBean">
    	<!-- Turn off working out content type based on URL file extension, should fall back to looking at the Accept headers -->
    	<property name="favorPathExtension" value="false" />
	</bean>
</beans>
